﻿<LibraryDocument xmlns:xsi="http://www.w3.org/2001/XMLSchema-instance" xmlns:xsd="http://www.w3.org/2001/XMLSchema">
  <Properties>
    <Property Name="AUTHORING_SCOPE" Value="ScopeId_A0568422-3A4C-47D8-959B-60DDDA229E66" />
  </Properties>
  <Contents />
  <EntryObjects>
    <Object Path="SMS_TaskSequencePackage.PackageID='KL100041'" Type="SMS_TaskSequencePackage" />
    <Object Path="SMS_TaskSequencePackage.PackageID='KL100043'" Type="SMS_TaskSequencePackage" />
    <Object Path="SMS_TaskSequencePackage.PackageID='KL100042'" Type="SMS_TaskSequencePackage" />
  </EntryObjects>
</LibraryDocument>