﻿<LibraryDocument xmlns:xsi="http://www.w3.org/2001/XMLSchema-instance" xmlns:xsd="http://www.w3.org/2001/XMLSchema">
  <Properties>
    <Property Name="AUTHORING_SCOPE" Value="ScopeId_D197325F-866B-4510-873B-C17880D1026F" />
  </Properties>
  <Contents />
  <EntryObjects>
    <Object Path="SMS_TaskSequencePackage.PackageID='GNS008D1'" Type="SMS_TaskSequencePackage" />
    <Object Path="SMS_TaskSequencePackage.PackageID='GNS008D2'" Type="SMS_TaskSequencePackage" />
    <Object Path="SMS_TaskSequencePackage.PackageID='GNS008D3'" Type="SMS_TaskSequencePackage" />
  </EntryObjects>
</LibraryDocument>