﻿<LibraryDocument xmlns:xsi="http://www.w3.org/2001/XMLSchema-instance" xmlns:xsd="http://www.w3.org/2001/XMLSchema">
  <Properties>
    <Property Name="AUTHORING_SCOPE" Value="ScopeId_32524B46-1D96-44AA-86D3-C71728D6B55C" />
  </Properties>
  <Contents />
  <EntryObjects>
    <Object Path="SMS_TaskSequencePackage.PackageID='PS10001B'" Type="SMS_TaskSequencePackage" />
    <Object Path="SMS_TaskSequencePackage.PackageID='PS10001C'" Type="SMS_TaskSequencePackage" />
  </EntryObjects>
</LibraryDocument>